"filename", "language", "Dart", "C++", "HTML", "CMake", "YAML", "JSON", "Swift", "Markdown", "XML", "JavaScript", "Properties", "comment", "blank", "total"
"c:\programas\exa_gammer_movil\.run\main.dart.run.xml", "XML", 0, 0, 0, 0, 0, 0, 0, 0, 6, 0, 0, 0, 0, 6
"c:\programas\exa_gammer_movil\README.md", "Markdown", 0, 0, 0, 0, 0, 0, 0, 10, 0, 0, 0, 0, 7, 17
"c:\programas\exa_gammer_movil\analysis_options.yaml", "YAML", 0, 0, 0, 0, 13, 0, 0, 0, 0, 0, 0, 22, 3, 38
"c:\programas\exa_gammer_movil\android\app\src\debug\AndroidManifest.xml", "XML", 0, 0, 0, 0, 0, 0, 0, 0, 3, 0, 0, 4, 1, 8
"c:\programas\exa_gammer_movil\android\app\src\main\AndroidManifest.xml", "XML", 0, 0, 0, 0, 0, 0, 0, 0, 35, 0, 0, 11, 1, 47
"c:\programas\exa_gammer_movil\android\app\src\main\res\drawable-v21\launch_background.xml", "XML", 0, 0, 0, 0, 0, 0, 0, 0, 4, 0, 0, 7, 2, 13
"c:\programas\exa_gammer_movil\android\app\src\main\res\drawable\launch_background.xml", "XML", 0, 0, 0, 0, 0, 0, 0, 0, 4, 0, 0, 7, 2, 13
"c:\programas\exa_gammer_movil\android\app\src\main\res\values-night\styles.xml", "XML", 0, 0, 0, 0, 0, 0, 0, 0, 9, 0, 0, 9, 1, 19
"c:\programas\exa_gammer_movil\android\app\src\main\res\values\styles.xml", "XML", 0, 0, 0, 0, 0, 0, 0, 0, 9, 0, 0, 9, 1, 19
"c:\programas\exa_gammer_movil\android\app\src\profile\AndroidManifest.xml", "XML", 0, 0, 0, 0, 0, 0, 0, 0, 3, 0, 0, 4, 1, 8
"c:\programas\exa_gammer_movil\android\gradle.properties", "Properties", 0, 0, 0, 0, 0, 0, 0, 0, 0, 0, 3, 0, 1, 4
"c:\programas\exa_gammer_movil\android\gradle\wrapper\gradle-wrapper.properties", "Properties", 0, 0, 0, 0, 0, 0, 0, 0, 0, 0, 5, 0, 1, 6
"c:\programas\exa_gammer_movil\assets\imagen\main.dart", "Dart", 25, 0, 0, 0, 0, 0, 0, 0, 0, 0, 0, 5, 6, 36
"c:\programas\exa_gammer_movil\integration_test\clase\addClase_integration_test.dart", "Dart", 190, 0, 0, 0, 0, 0, 0, 0, 0, 0, 0, 30, 57, 277
"c:\programas\exa_gammer_movil\integration_test\examen\addExamen_integration_test.dart", "Dart", 440, 0, 0, 0, 0, 0, 0, 0, 0, 0, 0, 57, 112, 609
"c:\programas\exa_gammer_movil\integration_test\login\login_integration_test.dart", "Dart", 146, 0, 0, 0, 0, 0, 0, 0, 0, 0, 0, 15, 45, 206
"c:\programas\exa_gammer_movil\ios\RunnerTests\RunnerTests.swift", "Swift", 0, 0, 0, 0, 0, 0, 7, 0, 0, 0, 0, 2, 4, 13
"c:\programas\exa_gammer_movil\ios\Runner\AppDelegate.swift", "Swift", 0, 0, 0, 0, 0, 0, 12, 0, 0, 0, 0, 0, 2, 14
"c:\programas\exa_gammer_movil\ios\Runner\Assets.xcassets\AppIcon.appiconset\Contents.json", "JSON", 0, 0, 0, 0, 0, 122, 0, 0, 0, 0, 0, 0, 1, 123
"c:\programas\exa_gammer_movil\ios\Runner\Assets.xcassets\LaunchImage.imageset\Contents.json", "JSON", 0, 0, 0, 0, 0, 23, 0, 0, 0, 0, 0, 0, 1, 24
"c:\programas\exa_gammer_movil\ios\Runner\Assets.xcassets\LaunchImage.imageset\README.md", "Markdown", 0, 0, 0, 0, 0, 0, 0, 3, 0, 0, 0, 0, 2, 5
"c:\programas\exa_gammer_movil\ios\Runner\Base.lproj\LaunchScreen.storyboard", "XML", 0, 0, 0, 0, 0, 0, 0, 0, 36, 0, 0, 1, 1, 38
"c:\programas\exa_gammer_movil\ios\Runner\Base.lproj\Main.storyboard", "XML", 0, 0, 0, 0, 0, 0, 0, 0, 25, 0, 0, 1, 1, 27
"c:\programas\exa_gammer_movil\ios\Runner\Runner-Bridging-Header.h", "C++", 0, 1, 0, 0, 0, 0, 0, 0, 0, 0, 0, 0, 1, 2
"c:\programas\exa_gammer_movil\lib\controllers\clase_controller.dart", "Dart", 267, 0, 0, 0, 0, 0, 0, 0, 0, 0, 0, 9, 52, 328
"c:\programas\exa_gammer_movil\lib\controllers\curso_controller.dart", "Dart", 57, 0, 0, 0, 0, 0, 0, 0, 0, 0, 0, 1, 9, 67
"c:\programas\exa_gammer_movil\lib\controllers\detalle_clase_controller.dart", "Dart", 26, 0, 0, 0, 0, 0, 0, 0, 0, 0, 0, 1, 7, 34
"c:\programas\exa_gammer_movil\lib\controllers\examen_controller.dart", "Dart", 347, 0, 0, 0, 0, 0, 0, 0, 0, 0, 0, 1, 38, 386
"c:\programas\exa_gammer_movil\lib\controllers\juego_controller.dart", "Dart", 34, 0, 0, 0, 0, 0, 0, 0, 0, 0, 0, 0, 6, 40
"c:\programas\exa_gammer_movil\lib\controllers\user_controller.dart", "Dart", 151, 0, 0, 0, 0, 0, 0, 0, 0, 0, 0, 0, 14, 165
"c:\programas\exa_gammer_movil\lib\controllers\vista_controles.dart", "Dart", 138, 0, 0, 0, 0, 0, 0, 0, 0, 0, 0, 0, 8, 146
"c:\programas\exa_gammer_movil\lib\game\ahorcado\controller\ahorcado_controller.dart", "Dart", 118, 0, 0, 0, 0, 0, 0, 0, 0, 0, 0, 2, 29, 149
"c:\programas\exa_gammer_movil\lib\game\ahorcado\ui\ahorcado_page.dart", "Dart", 145, 0, 0, 0, 0, 0, 0, 0, 0, 0, 0, 1, 12, 158
"c:\programas\exa_gammer_movil\lib\game\ahorcado\widget\mensaje.dart", "Dart", 53, 0, 0, 0, 0, 0, 0, 0, 0, 0, 0, 0, 4, 57
"c:\programas\exa_gammer_movil\lib\game\heroes\animation\atacarpj.dart", "Dart", 64, 0, 0, 0, 0, 0, 0, 0, 0, 0, 0, 3, 12, 79
"c:\programas\exa_gammer_movil\lib\game\heroes\animation\recibirdanio.dart", "Dart", 65, 0, 0, 0, 0, 0, 0, 0, 0, 0, 0, 2, 10, 77
"c:\programas\exa_gammer_movil\lib\game\heroes\controller\animation_controller.dart", "Dart", 99, 0, 0, 0, 0, 0, 0, 0, 0, 0, 0, 0, 12, 111
"c:\programas\exa_gammer_movil\lib\game\heroes\controller\heroe_controller.dart", "Dart", 157, 0, 0, 0, 0, 0, 0, 0, 0, 0, 0, 1, 18, 176
"c:\programas\exa_gammer_movil\lib\game\heroes\controller\pregunta_controller.dart", "Dart", 81, 0, 0, 0, 0, 0, 0, 0, 0, 0, 0, 0, 8, 89
"c:\programas\exa_gammer_movil\lib\game\heroes\models\npc.dart", "Dart", 7, 0, 0, 0, 0, 0, 0, 0, 0, 0, 0, 0, 3, 10
"c:\programas\exa_gammer_movil\lib\game\heroes\models\personaje.dart", "Dart", 7, 0, 0, 0, 0, 0, 0, 0, 0, 0, 0, 0, 3, 10
"c:\programas\exa_gammer_movil\lib\game\heroes\ui\escenario.dart", "Dart", 313, 0, 0, 0, 0, 0, 0, 0, 0, 0, 0, 5, 17, 335
"c:\programas\exa_gammer_movil\lib\game\heroes\ui\mundos.dart", "Dart", 116, 0, 0, 0, 0, 0, 0, 0, 0, 0, 0, 0, 5, 121
"c:\programas\exa_gammer_movil\lib\game\heroes\ui\personajes.dart", "Dart", 99, 0, 0, 0, 0, 0, 0, 0, 0, 0, 0, 0, 6, 105
"c:\programas\exa_gammer_movil\lib\game\heroes\widget\ataques.dart", "Dart", 99, 0, 0, 0, 0, 0, 0, 0, 0, 0, 0, 0, 11, 110
"c:\programas\exa_gammer_movil\lib\game\heroes\widget\barras_vida.dart", "Dart", 59, 0, 0, 0, 0, 0, 0, 0, 0, 0, 0, 0, 6, 65
"c:\programas\exa_gammer_movil\lib\game\heroes\widget\mensaje.dart", "Dart", 49, 0, 0, 0, 0, 0, 0, 0, 0, 0, 0, 0, 3, 52
"c:\programas\exa_gammer_movil\lib\game\heroes\widget\mundocard.dart", "Dart", 47, 0, 0, 0, 0, 0, 0, 0, 0, 0, 0, 0, 5, 52
"c:\programas\exa_gammer_movil\lib\game\heroes\widget\personajecard.dart", "Dart", 45, 0, 0, 0, 0, 0, 0, 0, 0, 0, 0, 0, 5, 50
"c:\programas\exa_gammer_movil\lib\game\heroes\widget\pregunta.dart", "Dart", 150, 0, 0, 0, 0, 0, 0, 0, 0, 0, 0, 0, 15, 165
"c:\programas\exa_gammer_movil\lib\game\heroes\widget\preyres.dart", "Dart", 0, 0, 0, 0, 0, 0, 0, 0, 0, 0, 0, 0, 1, 1
"c:\programas\exa_gammer_movil\lib\game\heroes\widget\rendirse.dart", "Dart", 153, 0, 0, 0, 0, 0, 0, 0, 0, 0, 0, 2, 10, 165
"c:\programas\exa_gammer_movil\lib\main.dart", "Dart", 31, 0, 0, 0, 0, 0, 0, 0, 0, 0, 0, 5, 5, 41
"c:\programas\exa_gammer_movil\lib\models\CursoModel\curso_model.dart", "Dart", 66, 0, 0, 0, 0, 0, 0, 0, 0, 0, 0, 0, 6, 72
"c:\programas\exa_gammer_movil\lib\models\CursoModel\leccion_model.dart", "Dart", 26, 0, 0, 0, 0, 0, 0, 0, 0, 0, 0, 0, 4, 30
"c:\programas\exa_gammer_movil\lib\models\CursoModel\modulo_model.dart", "Dart", 35, 0, 0, 0, 0, 0, 0, 0, 0, 0, 0, 0, 5, 40
"c:\programas\exa_gammer_movil\lib\models\CursoModel\pregunta_model.dart", "Dart", 34, 0, 0, 0, 0, 0, 0, 0, 0, 0, 0, 0, 4, 38
"c:\programas\exa_gammer_movil\lib\models\clase_model.dart", "Dart", 58, 0, 0, 0, 0, 0, 0, 0, 0, 0, 0, 0, 6, 64
"c:\programas\exa_gammer_movil\lib\models\examen_model.dart", "Dart", 235, 0, 0, 0, 0, 0, 0, 0, 0, 0, 0, 0, 28, 263
"c:\programas\exa_gammer_movil\lib\models\juego_model.dart", "Dart", 13, 0, 0, 0, 0, 0, 0, 0, 0, 0, 0, 0, 3, 16
"c:\programas\exa_gammer_movil\lib\models\user_model.dart", "Dart", 110, 0, 0, 0, 0, 0, 0, 0, 0, 0, 0, 0, 18, 128
"c:\programas\exa_gammer_movil\lib\service\localServices.dart", "Dart", 149, 0, 0, 0, 0, 0, 0, 0, 0, 0, 0, 0, 15, 164
"c:\programas\exa_gammer_movil\lib\ui\app.dart", "Dart", 18, 0, 0, 0, 0, 0, 0, 0, 0, 0, 0, 0, 3, 21
"c:\programas\exa_gammer_movil\lib\ui\course\courseContentView.dart", "Dart", 135, 0, 0, 0, 0, 0, 0, 0, 0, 0, 0, 0, 10, 145
"c:\programas\exa_gammer_movil\lib\ui\course\courseView.dart", "Dart", 75, 0, 0, 0, 0, 0, 0, 0, 0, 0, 0, 0, 7, 82
"c:\programas\exa_gammer_movil\lib\ui\dialogs\dialogo_ingresar_clase.dart", "Dart", 78, 0, 0, 0, 0, 0, 0, 0, 0, 0, 0, 0, 3, 81
"c:\programas\exa_gammer_movil\lib\ui\home\estudiante\detalle_clase_estu.dart", "Dart", 317, 0, 0, 0, 0, 0, 0, 0, 0, 0, 0, 3, 19, 339
"c:\programas\exa_gammer_movil\lib\ui\home\estudiante\home_estudiante.dart", "Dart", 472, 0, 0, 0, 0, 0, 0, 0, 0, 0, 0, 12, 22, 506
"c:\programas\exa_gammer_movil\lib\ui\home\inicio_sesion\Widgets_Inicio_Sesion\custom_tab.dart", "Dart", 70, 0, 0, 0, 0, 0, 0, 0, 0, 0, 0, 0, 3, 73
"c:\programas\exa_gammer_movil\lib\ui\home\inicio_sesion\Widgets_Inicio_Sesion\fondo_login.dart", "Dart", 43, 0, 0, 0, 0, 0, 0, 0, 0, 0, 0, 0, 3, 46
"c:\programas\exa_gammer_movil\lib\ui\home\inicio_sesion\Widgets_Inicio_Sesion\footer_dot.dart", "Dart", 0, 0, 0, 0, 0, 0, 0, 0, 0, 0, 0, 0, 1, 1
"c:\programas\exa_gammer_movil\lib\ui\home\inicio_sesion\Widgets_Inicio_Sesion\glass_card.dart", "Dart", 32, 0, 0, 0, 0, 0, 0, 0, 0, 0, 0, 0, 3, 35
"c:\programas\exa_gammer_movil\lib\ui\home\inicio_sesion\Widgets_Inicio_Sesion\logo_header.dart", "Dart", 76, 0, 0, 0, 0, 0, 0, 0, 0, 0, 0, 0, 2, 78
"c:\programas\exa_gammer_movil\lib\ui\home\inicio_sesion\add_user.dart", "Dart", 154, 0, 0, 0, 0, 0, 0, 0, 0, 0, 0, 9, 15, 178
"c:\programas\exa_gammer_movil\lib\ui\home\inicio_sesion\diseologin.dart", "Dart", 86, 0, 0, 0, 0, 0, 0, 0, 0, 0, 0, 0, 5, 91
"c:\programas\exa_gammer_movil\lib\ui\home\inicio_sesion\login.dart", "Dart", 126, 0, 0, 0, 0, 0, 0, 0, 0, 0, 0, 55, 13, 194
"c:\programas\exa_gammer_movil\lib\ui\home\profesor\Detalle_Clase_Profesor\Widgets_Detalle_Clase\empty_examenes_widget.dart", "Dart", 30, 0, 0, 0, 0, 0, 0, 0, 0, 0, 0, 0, 2, 32
"c:\programas\exa_gammer_movil\lib\ui\home\profesor\Detalle_Clase_Profesor\Widgets_Detalle_Clase\examen_card.dart", "Dart", 145, 0, 0, 0, 0, 0, 0, 0, 0, 0, 0, 0, 9, 154
"c:\programas\exa_gammer_movil\lib\ui\home\profesor\Detalle_Clase_Profesor\Widgets_Detalle_Clase\examenesListView.dart", "Dart", 68, 0, 0, 0, 0, 0, 0, 0, 0, 0, 0, 1, 5, 74
"c:\programas\exa_gammer_movil\lib\ui\home\profesor\Detalle_Clase_Profesor\detalle_clase_profe.dart", "Dart", 202, 0, 0, 0, 0, 0, 0, 0, 0, 0, 0, 0, 12, 214
"c:\programas\exa_gammer_movil\lib\ui\home\profesor\Home_Profesor\home_profesor.dart", "Dart", 147, 0, 0, 0, 0, 0, 0, 0, 0, 0, 0, 0, 10, 157
"c:\programas\exa_gammer_movil\lib\ui\home\profesor\Home_Profesor\widgets_home_profesor\clases_list_view.dart", "Dart", 72, 0, 0, 0, 0, 0, 0, 0, 0, 0, 0, 0, 5, 77
"c:\programas\exa_gammer_movil\lib\ui\home\profesor\Home_Profesor\widgets_home_profesor\empty_state.dart", "Dart", 52, 0, 0, 0, 0, 0, 0, 0, 0, 0, 0, 0, 3, 55
"c:\programas\exa_gammer_movil\lib\ui\home\profesor\Home_Profesor\widgets_home_profesor\fab_nueva_clase.dart", "Dart", 50, 0, 0, 0, 0, 0, 0, 0, 0, 0, 0, 0, 4, 54
"c:\programas\exa_gammer_movil\lib\ui\home\profesor\Home_Profesor\widgets_home_profesor\header_home.dart", "Dart", 77, 0, 0, 0, 0, 0, 0, 0, 0, 0, 0, 0, 2, 79
"c:\programas\exa_gammer_movil\lib\ui\home\profesor\Home_Profesor\widgets_home_profesor\logout_dialog.dart", "Dart", 73, 0, 0, 0, 0, 0, 0, 0, 0, 0, 0, 0, 2, 75
"c:\programas\exa_gammer_movil\lib\ui\home\profesor\add_clase.dart", "Dart", 0, 0, 0, 0, 0, 0, 0, 0, 0, 0, 0, 479, 0, 479
"c:\programas\exa_gammer_movil\lib\ui\home\profesor\agregar_clase\add_class.dart", "Dart", 153, 0, 0, 0, 0, 0, 0, 0, 0, 0, 0, 14, 19, 186
"c:\programas\exa_gammer_movil\lib\ui\home\profesor\agregar_clase\widgets_add_clase\avatar_selector_card.dart", "Dart", 189, 0, 0, 0, 0, 0, 0, 0, 0, 0, 0, 1, 4, 194
"c:\programas\exa_gammer_movil\lib\ui\home\profesor\agregar_clase\widgets_add_clase\clase_form_card.dart", "Dart", 159, 0, 0, 0, 0, 0, 0, 0, 0, 0, 0, 0, 18, 177
"c:\programas\exa_gammer_movil\lib\ui\home\profesor\agregar_clase\widgets_add_clase\create_button.dart", "Dart", 93, 0, 0, 0, 0, 0, 0, 0, 0, 0, 0, 0, 3, 96
"c:\programas\exa_gammer_movil\lib\ui\home\profesor\agregar_clase\widgets_add_clase\custom_text_field.dart", "Dart", 105, 0, 0, 0, 0, 0, 0, 0, 0, 0, 0, 0, 3, 108
"c:\programas\exa_gammer_movil\lib\ui\home\profesor\agregar_clase\widgets_add_clase\header_logo.dart", "Dart", 77, 0, 0, 0, 0, 0, 0, 0, 0, 0, 0, 2, 2, 81
"c:\programas\exa_gammer_movil\lib\ui\home\profesor\main_view.dart", "Dart", 137, 0, 0, 0, 0, 0, 0, 0, 0, 0, 0, 0, 7, 144
"c:\programas\exa_gammer_movil\lib\ui\home\vista\clase\ClaseCard.dart", "Dart", 75, 0, 0, 0, 0, 0, 0, 0, 0, 0, 0, 0, 5, 80
"c:\programas\exa_gammer_movil\lib\ui\home\vista\clase\clase_view.dart", "Dart", 161, 0, 0, 0, 0, 0, 0, 0, 0, 0, 0, 3, 9, 173
"c:\programas\exa_gammer_movil\lib\ui\home\vista\clase\estud_clase.dart", "Dart", 126, 0, 0, 0, 0, 0, 0, 0, 0, 0, 0, 0, 8, 134
"c:\programas\exa_gammer_movil\lib\ui\home\vista\clase\info_clase.dart", "Dart", 534, 0, 0, 0, 0, 0, 0, 0, 0, 0, 0, 12, 29, 575
"c:\programas\exa_gammer_movil\lib\ui\home\vista\examen\examen_view.dart", "Dart", 147, 0, 0, 0, 0, 0, 0, 0, 0, 0, 0, 2, 14, 163
"c:\programas\exa_gammer_movil\lib\ui\home\vista\examen\ui\add_examen.dart", "Dart", 701, 0, 0, 0, 0, 0, 0, 0, 0, 0, 0, 11, 31, 743
"c:\programas\exa_gammer_movil\lib\ui\home\vista\examen\ui\calificacion.dart", "Dart", 707, 0, 0, 0, 0, 0, 0, 0, 0, 0, 0, 7, 22, 736
"c:\programas\exa_gammer_movil\lib\ui\home\vista\examen\ui\detalle_examen.dart", "Dart", 494, 0, 0, 0, 0, 0, 0, 0, 0, 0, 0, 8, 30, 532
"c:\programas\exa_gammer_movil\lib\ui\home\vista\examen\ui\info_examen.dart", "Dart", 570, 0, 0, 0, 0, 0, 0, 0, 0, 0, 0, 12, 30, 612
"c:\programas\exa_gammer_movil\lib\ui\home\vista\examen\ui\resultados.dart", "Dart", 145, 0, 0, 0, 0, 0, 0, 0, 0, 0, 0, 0, 10, 155
"c:\programas\exa_gammer_movil\lib\ui\home\vista\examen\widget\conte_Estud.dart", "Dart", 145, 0, 0, 0, 0, 0, 0, 0, 0, 0, 0, 5, 14, 164
"c:\programas\exa_gammer_movil\lib\ui\home\vista\examen\widget\conte_Profe.dart", "Dart", 50, 0, 0, 0, 0, 0, 0, 0, 0, 0, 0, 7, 9, 66
"c:\programas\exa_gammer_movil\lib\ui\home\vista\examen\widget\formahorcado.dart", "Dart", 127, 0, 0, 0, 0, 0, 0, 0, 0, 0, 0, 0, 19, 146
"c:\programas\exa_gammer_movil\lib\ui\home\vista\examen\widget\formheroes.dart", "Dart", 185, 0, 0, 0, 0, 0, 0, 0, 0, 0, 0, 2, 19, 206
"c:\programas\exa_gammer_movil\lib\ui\home\vista\examen\widget\listAhorcados.dart", "Dart", 28, 0, 0, 0, 0, 0, 0, 0, 0, 0, 0, 0, 4, 32
"c:\programas\exa_gammer_movil\lib\ui\home\vista\examen\widget\listHeroes.dart", "Dart", 37, 0, 0, 0, 0, 0, 0, 0, 0, 0, 0, 1, 4, 42
"c:\programas\exa_gammer_movil\lib\ui\home\vista\examen\widget\listPalab_Res.dart", "Dart", 83, 0, 0, 0, 0, 0, 0, 0, 0, 0, 0, 1, 8, 92
"c:\programas\exa_gammer_movil\lib\ui\home\vista\examen\widget\listPregun_Res.dart", "Dart", 72, 0, 0, 0, 0, 0, 0, 0, 0, 0, 0, 1, 8, 81
"c:\programas\exa_gammer_movil\lib\ui\home\vista\examen\widget\validarresultados.dart", "Dart", 46, 0, 0, 0, 0, 0, 0, 0, 0, 0, 0, 3, 7, 56
"c:\programas\exa_gammer_movil\lib\ui\home\vista\perfil\EditarPerfil.dart", "Dart", 110, 0, 0, 0, 0, 0, 0, 0, 0, 0, 0, 0, 11, 121
"c:\programas\exa_gammer_movil\lib\ui\home\vista\perfil\Pago_premium.dart", "Dart", 312, 0, 0, 0, 0, 0, 0, 0, 0, 0, 0, 1, 20, 333
"c:\programas\exa_gammer_movil\lib\ui\home\vista\perfil\Plan_card.dart", "Dart", 110, 0, 0, 0, 0, 0, 0, 0, 0, 0, 0, 0, 3, 113
"c:\programas\exa_gammer_movil\lib\ui\home\vista\perfil\PremiumView.dart", "Dart", 100, 0, 0, 0, 0, 0, 0, 0, 0, 0, 0, 0, 8, 108
"c:\programas\exa_gammer_movil\lib\ui\home\vista\perfil\profile_view.dart", "Dart", 170, 0, 0, 0, 0, 0, 0, 0, 0, 0, 0, 0, 7, 177
"c:\programas\exa_gammer_movil\lib\ui\home\widget\avatares.dart", "Dart", 65, 0, 0, 0, 0, 0, 0, 0, 0, 0, 0, 2, 3, 70
"c:\programas\exa_gammer_movil\lib\ui\home\widget\boton_comenzar.dart", "Dart", 84, 0, 0, 0, 0, 0, 0, 0, 0, 0, 0, 0, 4, 88
"c:\programas\exa_gammer_movil\lib\ui\home\widget\buscar.dart", "Dart", 23, 0, 0, 0, 0, 0, 0, 0, 0, 0, 0, 0, 3, 26
"c:\programas\exa_gammer_movil\lib\ui\home\widget\datos.dart", "Dart", 13, 0, 0, 0, 0, 0, 0, 0, 0, 0, 0, 0, 3, 16
"c:\programas\exa_gammer_movil\lib\ui\home\widget\editar.dart", "Dart", 138, 0, 0, 0, 0, 0, 0, 0, 0, 0, 0, 1, 8, 147
"c:\programas\exa_gammer_movil\lib\ui\home\widget\eliminar.dart", "Dart", 26, 0, 0, 0, 0, 0, 0, 0, 0, 0, 0, 0, 4, 30
"c:\programas\exa_gammer_movil\lib\ui\home\widget\fondo_home.dart", "Dart", 44, 0, 0, 0, 0, 0, 0, 0, 0, 0, 0, 0, 4, 48
"c:\programas\exa_gammer_movil\lib\ui\home\widget\home_page.dart", "Dart", 64, 0, 0, 0, 0, 0, 0, 0, 0, 0, 0, 0, 3, 67
"c:\programas\exa_gammer_movil\lib\ui\home\widget\listaperso.dart", "Dart", 145, 0, 0, 0, 0, 0, 0, 0, 0, 0, 0, 3, 8, 156
"c:\programas\exa_gammer_movil\lib\ui\home\widget\logo_glow.dart", "Dart", 44, 0, 0, 0, 0, 0, 0, 0, 0, 0, 0, 0, 3, 47
"c:\programas\exa_gammer_movil\lib\ui\home\widget\titulo_home.dart", "Dart", 64, 0, 0, 0, 0, 0, 0, 0, 0, 0, 0, 0, 3, 67
"c:\programas\exa_gammer_movil\linux\CMakeLists.txt", "CMake", 0, 0, 0, 104, 0, 0, 0, 0, 0, 0, 0, 0, 25, 129
"c:\programas\exa_gammer_movil\linux\flutter\CMakeLists.txt", "CMake", 0, 0, 0, 79, 0, 0, 0, 0, 0, 0, 0, 0, 10, 89
"c:\programas\exa_gammer_movil\linux\flutter\generated_plugin_registrant.cc", "C++", 0, 7, 0, 0, 0, 0, 0, 0, 0, 0, 0, 4, 5, 16
"c:\programas\exa_gammer_movil\linux\flutter\generated_plugin_registrant.h", "C++", 0, 5, 0, 0, 0, 0, 0, 0, 0, 0, 0, 5, 6, 16
"c:\programas\exa_gammer_movil\linux\flutter\generated_plugins.cmake", "CMake", 0, 0, 0, 19, 0, 0, 0, 0, 0, 0, 0, 0, 6, 25
"c:\programas\exa_gammer_movil\linux\runner\CMakeLists.txt", "CMake", 0, 0, 0, 21, 0, 0, 0, 0, 0, 0, 0, 0, 6, 27
"c:\programas\exa_gammer_movil\linux\runner\main.cc", "C++", 0, 5, 0, 0, 0, 0, 0, 0, 0, 0, 0, 0, 2, 7
"c:\programas\exa_gammer_movil\linux\runner\my_application.cc", "C++", 0, 83, 0, 0, 0, 0, 0, 0, 0, 0, 0, 21, 27, 131
"c:\programas\exa_gammer_movil\linux\runner\my_application.h", "C++", 0, 7, 0, 0, 0, 0, 0, 0, 0, 0, 0, 7, 5, 19
"c:\programas\exa_gammer_movil\macos\Flutter\GeneratedPluginRegistrant.swift", "Swift", 0, 0, 0, 0, 0, 0, 8, 0, 0, 0, 0, 3, 4, 15
"c:\programas\exa_gammer_movil\macos\RunnerTests\RunnerTests.swift", "Swift", 0, 0, 0, 0, 0, 0, 7, 0, 0, 0, 0, 2, 4, 13
"c:\programas\exa_gammer_movil\macos\Runner\AppDelegate.swift", "Swift", 0, 0, 0, 0, 0, 0, 11, 0, 0, 0, 0, 0, 3, 14
"c:\programas\exa_gammer_movil\macos\Runner\Assets.xcassets\AppIcon.appiconset\Contents.json", "JSON", 0, 0, 0, 0, 0, 68, 0, 0, 0, 0, 0, 0, 1, 69
"c:\programas\exa_gammer_movil\macos\Runner\Base.lproj\MainMenu.xib", "XML", 0, 0, 0, 0, 0, 0, 0, 0, 343, 0, 0, 0, 1, 344
"c:\programas\exa_gammer_movil\macos\Runner\MainFlutterWindow.swift", "Swift", 0, 0, 0, 0, 0, 0, 12, 0, 0, 0, 0, 0, 4, 16
"c:\programas\exa_gammer_movil\pubspec.yaml", "YAML", 0, 0, 0, 0, 55, 0, 0, 0, 0, 0, 0, 0, 8, 63
"c:\programas\exa_gammer_movil\scripts_k6\cargar_examen.js", "JavaScript", 0, 0, 0, 0, 0, 0, 0, 0, 0, 22, 0, 8, 9, 39
"c:\programas\exa_gammer_movil\scripts_k6\login_rol.js", "JavaScript", 0, 0, 0, 0, 0, 0, 0, 0, 0, 23, 0, 7, 7, 37
"c:\programas\exa_gammer_movil\scripts_k6\prueba_clase.js", "JavaScript", 0, 0, 0, 0, 0, 0, 0, 0, 0, 27, 0, 5, 6, 38
"c:\programas\exa_gammer_movil\scripts_k6\registrar_usuario.js", "JavaScript", 0, 0, 0, 0, 0, 0, 0, 0, 0, 26, 0, 7, 6, 39
"c:\programas\exa_gammer_movil\scripts_k6\unirse_clase.js", "JavaScript", 0, 0, 0, 0, 0, 0, 0, 0, 0, 25, 0, 7, 6, 38
"c:\programas\exa_gammer_movil\test\clase\agregar_clase_test.dart", "Dart", 128, 0, 0, 0, 0, 0, 0, 0, 0, 0, 0, 0, 15, 143
"c:\programas\exa_gammer_movil\test\clase\validaciones_clase.dart", "Dart", 20, 0, 0, 0, 0, 0, 0, 0, 0, 0, 0, 2, 4, 26
"c:\programas\exa_gammer_movil\test\examen\examen_validation_test.dart", "Dart", 54, 0, 0, 0, 0, 0, 0, 0, 0, 0, 0, 0, 14, 68
"c:\programas\exa_gammer_movil\test\examen\examen_validator.dart", "Dart", 28, 0, 0, 0, 0, 0, 0, 0, 0, 0, 0, 12, 14, 54
"c:\programas\exa_gammer_movil\test\login\login_validation_test.dart", "Dart", 36, 0, 0, 0, 0, 0, 0, 0, 0, 0, 0, 0, 9, 45
"c:\programas\exa_gammer_movil\test\login\login_validators.dart", "Dart", 25, 0, 0, 0, 0, 0, 0, 0, 0, 0, 0, 0, 7, 32
"c:\programas\exa_gammer_movil\test\widget_test.dart", "Dart", 0, 0, 0, 0, 0, 0, 0, 0, 0, 0, 0, 0, 2, 2
"c:\programas\exa_gammer_movil\web\index.html", "HTML", 0, 0, 19, 0, 0, 0, 0, 0, 0, 0, 0, 15, 5, 39
"c:\programas\exa_gammer_movil\web\manifest.json", "JSON", 0, 0, 0, 0, 0, 35, 0, 0, 0, 0, 0, 0, 1, 36
"c:\programas\exa_gammer_movil\web_entrypoint.dart", "Dart", 0, 0, 0, 0, 0, 0, 0, 0, 0, 0, 0, 0, 1, 1
"c:\programas\exa_gammer_movil\windows\CMakeLists.txt", "CMake", 0, 0, 0, 89, 0, 0, 0, 0, 0, 0, 0, 0, 20, 109
"c:\programas\exa_gammer_movil\windows\flutter\CMakeLists.txt", "CMake", 0, 0, 0, 98, 0, 0, 0, 0, 0, 0, 0, 0, 12, 110
"c:\programas\exa_gammer_movil\windows\flutter\generated_plugin_registrant.cc", "C++", 0, 6, 0, 0, 0, 0, 0, 0, 0, 0, 0, 4, 5, 15
"c:\programas\exa_gammer_movil\windows\flutter\generated_plugin_registrant.h", "C++", 0, 5, 0, 0, 0, 0, 0, 0, 0, 0, 0, 5, 6, 16
"c:\programas\exa_gammer_movil\windows\flutter\generated_plugins.cmake", "CMake", 0, 0, 0, 19, 0, 0, 0, 0, 0, 0, 0, 0, 6, 25
"c:\programas\exa_gammer_movil\windows\runner\CMakeLists.txt", "CMake", 0, 0, 0, 34, 0, 0, 0, 0, 0, 0, 0, 0, 7, 41
"c:\programas\exa_gammer_movil\windows\runner\flutter_window.cpp", "C++", 0, 49, 0, 0, 0, 0, 0, 0, 0, 0, 0, 7, 16, 72
"c:\programas\exa_gammer_movil\windows\runner\flutter_window.h", "C++", 0, 20, 0, 0, 0, 0, 0, 0, 0, 0, 0, 5, 9, 34
"c:\programas\exa_gammer_movil\windows\runner\main.cpp", "C++", 0, 30, 0, 0, 0, 0, 0, 0, 0, 0, 0, 4, 10, 44
"c:\programas\exa_gammer_movil\windows\runner\resource.h", "C++", 0, 9, 0, 0, 0, 0, 0, 0, 0, 0, 0, 6, 2, 17
"c:\programas\exa_gammer_movil\windows\runner\utils.cpp", "C++", 0, 54, 0, 0, 0, 0, 0, 0, 0, 0, 0, 2, 10, 66
"c:\programas\exa_gammer_movil\windows\runner\utils.h", "C++", 0, 8, 0, 0, 0, 0, 0, 0, 0, 0, 0, 6, 6, 20
"c:\programas\exa_gammer_movil\windows\runner\win32_window.cpp", "C++", 0, 210, 0, 0, 0, 0, 0, 0, 0, 0, 0, 24, 55, 289
"c:\programas\exa_gammer_movil\windows\runner\win32_window.h", "C++", 0, 48, 0, 0, 0, 0, 0, 0, 0, 0, 0, 31, 24, 103
"Total", "-", 14251, 547, 19, 463, 68, 248, 57, 13, 477, 123, 8, 1074, 1682, 19030