"filename", "language", "JSON", "Properties", "Dart", "YAML", "XML", "JavaScript", "comment", "blank", "total"
"c:\programas\exa_gammer_movil\.github\workflows\build.yml", "YAML", 0, 0, 0, 21, 0, 0, 1, 1, 23
"c:\programas\exa_gammer_movil\.github\workflows\sonarcloud.yml", "YAML", 0, 0, 0, 35, 0, 0, 0, 8, 43
"c:\programas\exa_gammer_movil\.sonarlint\connectedMode.json", "JSON", 5, 0, 0, 0, 0, 0, 0, 0, 5
"c:\programas\exa_gammer_movil\analysis_options.yaml", "YAML", 0, 0, 0, 1, 0, 0, 0, 0, 1
"c:\programas\exa_gammer_movil\android\app\src\main\AndroidManifest.xml", "XML", 0, 0, 0, 0, -1, 0, 0, 0, -1
"c:\programas\exa_gammer_movil\assets\imagen\main.dart", "Dart", 0, 0, -25, 0, 0, 0, -5, -6, -36
"c:\programas\exa_gammer_movil\integration_test\clase\addClase_integration_test.dart", "Dart", 0, 0, 4, 0, 0, 0, -21, 0, -17
"c:\programas\exa_gammer_movil\integration_test\examen\addExamen_integration_test.dart", "Dart", 0, 0, 4, 0, 0, 0, 0, 2, 6
"c:\programas\exa_gammer_movil\integration_test\login\login_integration_test.dart", "Dart", 0, 0, 4, 0, 0, 0, 0, 2, 6
"c:\programas\exa_gammer_movil\lib\controllers\clase_controller.dart", "Dart", 0, 0, -22, 0, 0, 0, 0, 0, -22
"c:\programas\exa_gammer_movil\lib\controllers\curso_controller.dart", "Dart", 0, 0, 40, 0, 0, 0, 0, 9, 49
"c:\programas\exa_gammer_movil\lib\controllers\examen_controller.dart", "Dart", 0, 0, -19, 0, 0, 0, -1, -1, -21
"c:\programas\exa_gammer_movil\lib\controllers\https\get.dart", "Dart", 0, 0, 0, 0, 0, 0, 0, 1, 1
"c:\programas\exa_gammer_movil\lib\controllers\https\post.dart", "Dart", 0, 0, 0, 0, 0, 0, 0, 1, 1
"c:\programas\exa_gammer_movil\lib\controllers\juego_controller.dart", "Dart", 0, 0, -1, 0, 0, 0, 0, 0, -1
"c:\programas\exa_gammer_movil\lib\controllers\user_controller.dart", "Dart", 0, 0, -10, 0, 0, 0, 0, 0, -10
"c:\programas\exa_gammer_movil\lib\controllers\vista_controles.dart", "Dart", 0, 0, 12, 0, 0, 0, 0, 0, 12
"c:\programas\exa_gammer_movil\lib\game\ahorcado\ui\ahorcado_page.dart", "Dart", 0, 0, -2, 0, 0, 0, 0, -1, -3
"c:\programas\exa_gammer_movil\lib\main.dart", "Dart", 0, 0, -2, 0, 0, 0, 0, 0, -2
"c:\programas\exa_gammer_movil\lib\ui\course\courseContentView.dart", "Dart", 0, 0, -77, 0, 0, 0, 0, -5, -82
"c:\programas\exa_gammer_movil\lib\ui\course\courseView.dart", "Dart", 0, 0, 1, 0, 0, 0, 0, 0, 1
"c:\programas\exa_gammer_movil\lib\ui\course\widget\lessonDialog.dart", "Dart", 0, 0, 117, 0, 0, 0, 4, 6, 127
"c:\programas\exa_gammer_movil\lib\ui\course\widget\modulesTab.dart", "Dart", 0, 0, 59, 0, 0, 0, 0, 4, 63
"c:\programas\exa_gammer_movil\lib\ui\course\widget\questionsTab.dart", "Dart", 0, 0, 104, 0, 0, 0, 0, 9, 113
"c:\programas\exa_gammer_movil\lib\ui\home\estudiante\detalle_clase_estu.dart", "Dart", 0, 0, 4, 0, 0, 0, 0, 0, 4
"c:\programas\exa_gammer_movil\lib\ui\home\inicio_sesion\login.dart", "Dart", 0, 0, 32, 0, 0, 0, -36, 4, 0
"c:\programas\exa_gammer_movil\lib\ui\home\profesor\Detalle_Clase_Profesor\detalle_clase_profe.dart", "Dart", 0, 0, 8, 0, 0, 0, 0, 0, 8
"c:\programas\exa_gammer_movil\lib\ui\home\profesor\Home_Profesor\widgets_home_profesor\header_home.dart", "Dart", 0, 0, -11, 0, 0, 0, 0, 1, -10
"c:\programas\exa_gammer_movil\lib\ui\home\profesor\Home_Profesor\widgets_home_profesor\logout_dialog.dart", "Dart", 0, 0, -8, 0, 0, 0, 0, 0, -8
"c:\programas\exa_gammer_movil\lib\ui\home\profesor\add_clase.dart", "Dart", 0, 0, 0, 0, 0, 0, -479, 0, -479
"c:\programas\exa_gammer_movil\lib\ui\home\profesor\agregar_clase\add_class.dart", "Dart", 0, 0, 4, 0, 0, 0, 0, 0, 4
"c:\programas\exa_gammer_movil\lib\ui\home\profesor\agregar_clase\widgets_add_clase\avatar_selector_card.dart", "Dart", 0, 0, -12, 0, 0, 0, 0, 1, -11
"c:\programas\exa_gammer_movil\lib\ui\home\profesor\agregar_clase\widgets_add_clase\create_button.dart", "Dart", 0, 0, -2, 0, 0, 0, 0, 1, -1
"c:\programas\exa_gammer_movil\lib\ui\home\profesor\agregar_clase\widgets_add_clase\header_logo.dart", "Dart", 0, 0, -15, 0, 0, 0, 0, 1, -14
"c:\programas\exa_gammer_movil\lib\ui\home\vista\clase\estud_clase.dart", "Dart", 0, 0, 4, 0, 0, 0, 0, 0, 4
"c:\programas\exa_gammer_movil\lib\ui\home\vista\clase\info_clase.dart", "Dart", 0, 0, 18, 0, 0, 0, 0, 0, 18
"c:\programas\exa_gammer_movil\lib\ui\home\vista\clase\pruebas.dart", "Dart", 0, 0, 0, 0, 0, 0, 0, 2, 2
"c:\programas\exa_gammer_movil\lib\ui\home\vista\examen\ui\add_examen.dart", "Dart", 0, 0, 7, 0, 0, 0, 0, 0, 7
"c:\programas\exa_gammer_movil\lib\ui\home\vista\examen\ui\calificacion.dart", "Dart", 0, 0, -15, 0, 0, 0, 0, 1, -14
"c:\programas\exa_gammer_movil\lib\ui\home\vista\examen\ui\detalle_examen.dart", "Dart", 0, 0, 22, 0, 0, 0, 0, 0, 22
"c:\programas\exa_gammer_movil\lib\ui\home\vista\examen\ui\info_examen.dart", "Dart", 0, 0, 15, 0, 0, 0, 0, 0, 15
"c:\programas\exa_gammer_movil\lib\ui\home\vista\examen\ui\resultados.dart", "Dart", 0, 0, 4, 0, 0, 0, 0, 0, 4
"c:\programas\exa_gammer_movil\lib\ui\home\vista\examen\widget\formheroes.dart", "Dart", 0, 0, -3, 0, 0, 0, 0, -1, -4
"c:\programas\exa_gammer_movil\lib\ui\home\vista\examen\widget\listPregun_Res.dart", "Dart", 0, 0, 3, 0, 0, 0, 0, 0, 3
"c:\programas\exa_gammer_movil\lib\ui\home\vista\perfil\EditarPerfil.dart", "Dart", 0, 0, 2, 0, 0, 0, 0, 1, 3
"c:\programas\exa_gammer_movil\lib\ui\home\widget\editar.dart", "Dart", 0, 0, 6, 0, 0, 0, 0, -1, 5
"c:\programas\exa_gammer_movil\lib\ui\home\widget\listaperso.dart", "Dart", 0, 0, 4, 0, 0, 0, 0, 0, 4
"c:\programas\exa_gammer_movil\scripts_k6\cargar_examen.js", "JavaScript", 0, 0, 0, 0, 0, -22, -8, -9, -39
"c:\programas\exa_gammer_movil\scripts_k6\login_rol.js", "JavaScript", 0, 0, 0, 0, 0, -23, -7, -7, -37
"c:\programas\exa_gammer_movil\scripts_k6\prueba_clase.js", "JavaScript", 0, 0, 0, 0, 0, -27, -5, -6, -38
"c:\programas\exa_gammer_movil\scripts_k6\registrar_usuario.js", "JavaScript", 0, 0, 0, 0, 0, -26, -7, -6, -39
"c:\programas\exa_gammer_movil\scripts_k6\unirse_clase.js", "JavaScript", 0, 0, 0, 0, 0, -25, -7, -6, -38
"c:\programas\exa_gammer_movil\sonar-project.properties", "Properties", 0, 8, 0, 0, 0, 0, 5, 5, 18
"c:\programas\exa_gammer_movil\sonar-result.json", "JSON", 0, 0, 0, 0, 0, 0, 0, 1, 1
"Total", "-", 5, 8, 254, 57, -1, -123, -566, 12, -354